q_id,questions,answer,Faithfulness,Answer_Relevancy,Contextual_Recall,Contextual_Precision,Contextual_Relevancy
25,喝起來有一股藥味，這水是不是不乾淨？,"喝起來有藥味的水，不一定代表不乾淨，但確實需要注意。以下是一些可能的原因和建議：

**可能原因：**

*   **消毒副產物：** 自來水通常會經過氯氣或其他消毒劑消毒，如果消毒過程中產生了副產物（例如三鹵甲烷），可能會產生藥味或異味。
*   **管道老化或汙染：** 水管老化、生鏽或受到汙染，也可能導致水質產生異味。
*   **藻類或細菌滋生：** 如果水源中有藻類或細菌滋生，也可能影響水的味道。
*   **水質特殊成分：** 有些地區的水源本身就含有一些特殊成分，例如鐵、錳等，也可能產生特殊的味道。
*   **個人味覺差異：** 每個人對味道的敏感度不同，有些人可能更容易聞到或嚐到一些其他人感受不到的味道。
*   **藥品污染：** 雖然比較少見，但如果水管附近有藥品工廠或非法傾倒藥品，也可能導致水質受到污染。

**建議：**

1.  **先觀察：**
    *   **水的顏色：** 水是否清澈透明？是否有沉澱物或懸浮物？
    *   **其他水龍頭：** 檢查家裡其他水龍頭的水，看看是否也有同樣的味道？
    *   **煮沸後：** 將水煮沸後，味道是否有所改善？
2.  **聯絡相關單位：**
    *   **自來水公司：** 如果是自來水，請聯絡當地的自來水公司，詢問水質狀況，並要求進行水質檢測。
    *   **環保局：** 如果是井水或其他水源，可以向環保局或相關單位反映情況，並要求進行水質檢測。
3.  **過濾淨化：**
    *   **活性炭濾芯：** 可以使用具有活性炭濾芯的濾水器，去除水中的異味和部分有機物。
    *   **RO 逆滲透濾水器：** RO 逆滲透濾水器可以更有效地去除水中的雜質和污染物，但需要定期更換濾芯。
4.  **暫時避免飲用：** 在確認水質安全之前，建議暫時避免直接飲用，可以改用瓶裝水或煮沸後飲用。

**重要提醒：**

*   如果水質有明顯的異味、顏色異常或有沉澱物，請立即停止飲用，並聯絡相關單位進行檢測。
*   不要自行判斷水質是否安全，專業的檢測才能確保水的品質。

希望這些資訊對您有幫助！",1.0,0.944,0.375,1.0,0.0
7,新家廁所磁磚老是有粉紅色的污漬，是不是水不乾淨？,"廁所磁磚出現粉紅色污漬，不一定是水不乾淨，但水質確實是可能的原因之一。以下是一些常見原因和解決方法：

**可能原因：**

*   **紅色細菌/黴菌：** 最常見的原因是 Serratia marcescens 這種紅色細菌，它喜歡潮濕、溫暖的環境，尤其是在馬桶水箱、磁磚縫隙、排水孔等地方滋生。它會產生粉紅色的生物膜，看起來像粉紅色污漬。
*   **水質問題：**
    *   **鐵含量高：** 水中含有過高的鐵離子，氧化後會形成鐵鏽，附著在磁磚上，呈現紅色或棕紅色。
    *   **礦物質沉積：** 水中的礦物質（如鈣、鎂）沉積在磁磚表面，也可能形成粉紅色或橘色的污漬。
*   **清潔劑殘留：** 有些清潔劑中的成分與水中的礦物質反應，產生粉紅色沉澱。
*   **排水系統問題：** 排水管內可能有鏽蝕或堵塞，導致水流不順暢，細菌更容易滋生。

**解決方法：**

1.  **清潔磁磚：**
    *   **使用含漂白水的清潔劑：** 漂白水可以有效殺死紅色細菌。但要注意通風，並避免與其他清潔劑混合使用。
    *   **使用專用磁磚清潔劑：** 市面上有針對磁磚的清潔劑，可以去除污漬和細菌。
    *   **小蘇打+醋：** 將小蘇打灑在污漬上，再噴上白醋，靜置一段時間後刷洗。
    *   **刷洗磁磚縫隙：** 使用牙刷或縫隙刷，徹底清潔磁磚縫隙。
2.  **清潔馬桶水箱：**
    *   **關閉馬桶進水閥，排空水箱。**
    *   **使用漂白水或專用清潔劑清潔水箱內部。**
    *   **刷洗水箱內壁，去除紅色細菌。**
    *   **打開進水閥，讓水箱注滿水。**
3.  **檢查水質：**
    *   **請專業公司檢測水質：** 了解水中鐵含量、礦物質含量等指標。
    *   **安裝濾水器：** 如果水質問題嚴重，可以考慮安裝濾水器，去除水中的雜質。
4.  **檢查排水系統：**
    *   **檢查排水管是否有鏽蝕或堵塞。**
    *   **定期疏通排水管。**
5.  **保持乾燥：**
    *   **使用完廁所後，擦乾磁磚表面。**
    *   **保持廁所通風，減少潮濕。**

**注意事項：**

*   **安全第一：** 使用漂白水等清潔劑時，要注意安全，戴上手套和口罩，避免接觸皮膚和眼睛。
*   **避免混合清潔劑：** 不要將不同的清潔劑混合使用，以免產生有害氣體。
*   **定期清潔：** 定期清潔廁所，可以有效預防污漬產生。

如果以上方法都無法解決問題，建議請專業清潔公司或水管工協助處理。

希望這些資訊對您有幫助！",1.0,1.0,0.0,1.0,0.0
5,水龍頭流出來的水白白的像牛奶一樣，放一下又變透明，是不是有加什麼化學藥劑？,"水龍頭流出來的水白白的像牛奶一樣，放一下又變透明，這很有可能是因為**水中含有空氣**。

以下是一些可能的原因和解釋：

*   **空氣進入管線：** 水管線內可能因為維修、壓力變化、或是管線老化等原因，進入了空氣。當水流通過時，空氣與水混合，看起來就會像牛奶一樣白濁。放一段時間後，空氣會隨著水流排出，水就會恢復透明。
*   **溶解的空氣：** 水中本來就含有溶解的空氣，尤其是在寒冷地區，溶解的空氣量會比較高。當水壓降低或溫度升高時，溶解的空氣會釋放出來，形成氣泡，看起來也會像白濁。
*   **水管內壁的沉積物：** 如果水管內壁有沉積物，例如鐵鏽、礦物質等，在水流動時可能會被沖刷下來，導致水看起來白濁。但這種情況通常不會很快恢復透明。

**是否加了化學藥劑？**

雖然不排除有加化學藥劑的可能性，但通常自來水廠添加的化學藥劑（例如氯氣）是為了消毒，不會導致水呈現牛奶狀的白濁。

**建議您：**

1.  **觀察：** 觀察水龍頭流出的水是否持續白濁，或者只是偶爾發生。
2.  **多開水龍頭：** 嘗試同時打開多個水龍頭，看看是否能更快地排出空氣。
3.  **聯繫自來水公司：** 如果白濁情況持續，或者您對水質有疑慮，最好聯繫當地的自來水公司，請他們檢查水質和管線狀況。他們可以提供更準確的解答和處理方式。

**為了安全起見，在確認水質安全之前，建議不要飲用白濁的水。**

希望這些資訊對您有幫助！",0.929,0.944,0.571,1.0,0.333
9,帳單上多了一筆污水處理費，我沒用下水道為什麼要收？,"您好，帳單上多了一筆污水處理費，但您沒用下水道，這確實需要釐清原因。以下是一些可能的原因和您可以採取的步驟：

**可能原因：**

*   **統一收費：** 某些地區或社區，即使您沒有使用下水道，污水處理費也可能以統一標準收費，作為維護整個污水處理系統的費用。
*   **房屋結構：** 即使您目前未使用下水道，房屋可能原本就已連接到下水道系統，因此仍會收取污水處理費。
*   **錯誤收費：** 可能是水公司或相關單位誤判您的用水情況，錯誤地收取污水處理費。
*   **社區規定：** 部分社區可能將污水處理費包含在管理費中，即使您未使用下水道，也必須支付。
*   **雨水下水道：** 有些污水處理費也包含雨水下水道的維護費用，即使您沒有使用生活污水下水道，也可能需要支付。

**您可以採取的步驟：**

1.  **仔細檢查帳單：** 仔細閱讀帳單上的說明，看看是否有關於污水處理費的詳細解釋。
2.  **聯繫水公司或相關單位：**
    *   **準備資料：** 準備好您的身分證、房屋所有權狀或租賃合約、以及最近的帳單。
    *   **詢問原因：** 向水公司或相關單位詢問污水處理費的具體計算方式和收費依據。
    *   **說明情況：** 清楚地說明您沒有使用下水道的事實，並提供相關證明（例如：您使用化糞池或獨立排污系統）。
    *   **要求更正：** 如果確認是錯誤收費，請要求水公司或相關單位更正帳單。
3.  **聯繫社區管理委員會（如果適用）：** 如果您居住在社區，可以向社區管理委員會詢問污水處理費的收費規定。
4.  **尋求政府協助：** 如果您與水公司或相關單位溝通無效，可以向當地政府的相關部門（例如：環保局、建設局）尋求協助。
5.  **保留證據：** 保留所有與污水處理費相關的文件和溝通記錄，以備日後申訴或法律行動之用。

**提供更多資訊，以便更準確地判斷：**

*   **您所在的地區：** 不同的地區有不同的收費標準。
*   **房屋類型：** 例如：獨立住宅、公寓、透天厝等。
*   **您如何處理生活污水：** 例如：使用化糞池、獨立排污系統、或沒有任何處理設施。
*   **您是否曾經使用過下水道：** 即使目前未使用，過去是否曾經連接到下水道系統？

希望這些資訊對您有所幫助！",1.0,1.0,0.55,0,0.0
27,熱水瓶底下都有白白的垢，那個吃下去會不會結石？,"熱水瓶底部的白色垢，主要成分是**碳酸鈣**和**碳酸鎂**，這些都是水中的礦物質。

**吃下去會不會結石？**

*   **少量攝取：** 一般來說，少量攝取這些礦物質對健康影響不大，人體也會將其排出。
*   **大量攝取：** 如果長期大量攝取，的確有可能增加結石的風險，特別是對於容易形成結石的人，例如：
    *   **腎結石患者：** 碳酸鈣是腎結石常見的成分之一，攝取過多可能加重病情。
    *   **膽結石患者：** 膽結石也可能含有鈣鹽。
    *   **有家族病史者：** 如果家族中有結石病史，更應注意。

**為什麼會產生熱水瓶垢？**

*   **水質硬度高：** 水中含有較多鈣、鎂離子，加熱後容易析出形成碳酸鈣、碳酸鎂沉澱。
*   **長期使用未清潔：** 長期使用熱水瓶，水垢會逐漸累積。

**如何預防和處理熱水瓶垢？**

*   **定期清潔：** 定期將熱水瓶內的水垢清除乾淨。可以使用以下方法：
    *   **白醋：** 將白醋和水以1:1的比例混合，倒入熱水瓶中，浸泡數小時後再清洗。
    *   **檸檬酸：** 將檸檬酸溶解在水中，倒入熱水瓶中，浸泡後再清洗。
    *   **專用清潔劑：** 市面上有專門的熱水瓶清潔劑，可以有效去除水垢。
*   **使用軟水：** 如果水質硬度高，可以考慮使用軟水器或過濾水。
*   **避免長時間加熱：** 避免長時間加熱，減少水垢產生。

**總結：**

熱水瓶垢少量攝取通常無害，但長期大量攝取可能增加結石風險。建議定期清潔熱水瓶，並注意飲用水的品質。如果本身有結石病史或有家族病史，更應注意。

**免責聲明：** 本資訊僅供參考，不能取代專業醫療建議。如有疑慮，請諮詢醫生或專業人士。",1.0,0.762,0.0,0,0.0
